"V1","V2","V3","V4","V5"
55,170,130,"2BIO3","2BIO3"
400,637,12,"2BIO1","2BIO1"
255,275,207,"2BIO3","2BIO3"
364,374,10,"2BIO3","2BIO3"
295,441,77,"2BIO2","2BIO2"
101,425,102,"2BIO3","2BIO3"
179,202,28,"2BIO3","2BIO3"
63,179,144,"2BIO3","2BIO3"
265,494,83,"2BIO3","2BIO3"
443,637,91,"2BIO1","2BIO1"
205,894,108,"2BIO3","2BIO3"
487,984,35,"2BIO1","2BIO1"
226,353,81,"2BIO2","2BIO2"
122,255,184,"2BIO3","2BIO3"
70,132,107,"2BIO3","2BIO3"
55,779,164,"2BIO3","2BIO3"
202,545,141,"2BIO3","2BIO3"
55,202,40,"2BIO3","2BIO3"
252,374,8,"2BIO3","2BIO3"
1,55,2,"2BIO3","2BIO3"
72,954,56,"2BIO1","2BIO1"
400,443,11,"2BIO1","2BIO1"
160,226,100,"2BIO2","2BIO2"
117,364,151,"2BIO3","2BIO3"
346,374,98,"2BIO3","2BIO3"
111,124,115,"2BIO1","2BIO1"
39,871,200,"2BIO3","2BIO3"
1,778,2,"2BIO3","2BIO3"
779,883,10,"2BIO3","2BIO3"
117,494,20,"2BIO3","2BIO3"
55,883,15,"2BIO3","2BIO3"
196,252,101,"2BIO3","2BIO3"
122,374,19,"2BIO3","2BIO3"
196,265,14,"2BIO3","2BIO3"
106,272,97,"2BIO3","2BIO3"
374,425,5,"2BIO3","2BIO3"
486,531,32,"2BIO1","2BIO1"
196,425,2,"2BIO3","2BIO3"
117,265,20,"2BIO3","2BIO3"
119,122,169,"2BIO3","2BIO3"
3,226,12,"2BIO2","2BIO2"
240,447,69,"2BIO3","2BIO3"
101,122,44,"2BIO3","2BIO3"
252,364,124,"2BIO3","2BIO3"
545,649,2,"2BIO3","2BIO3"
39,265,168,"2BIO3","2BIO3"
101,117,17,"2BIO3","2BIO3"
252,346,10,"2BIO3","2BIO3"
883,894,66,"2BIO3","2BIO3"
649,778,8,"2BIO3","2BIO3"
199,649,97,"2BIO3","2BIO3"
72,674,128,"2BIO1","2BIO1"
122,425,8,"2BIO3","2BIO3"
119,425,21,"2BIO3","2BIO3"
857,945,14,"2BIO1","2BIO1"
196,199,3,"2BIO3","2BIO3"
205,883,25,"2BIO3","2BIO3"
346,364,12,"2BIO3","2BIO3"
119,894,1,"2BIO3","2BIO3"
1,779,1,"2BIO3","2BIO3"
1,883,1,"2BIO3","2BIO3"
1,653,1,"2BIO3","2BIO3"
55,252,57,"2BIO3","2BIO3"
494,587,9,"2BIO3","2BIO3"
101,199,7,"2BIO3","2BIO3"
106,252,18,"2BIO3","2BIO3"
106,117,49,"2BIO3","2BIO3"
626,649,71,"2BIO3","2BIO3"
117,119,3,"2BIO3","2BIO3"
649,653,12,"2BIO3","2BIO3"
170,202,14,"2BIO3","2BIO3"
170,252,6,"2BIO3","2BIO3"
199,894,3,"2BIO3","2BIO3"
202,205,2,"2BIO3","2BIO3"
202,871,2,"2BIO3","2BIO3"
265,871,17,"2BIO3","2BIO3"
275,447,23,"2BIO3","2BIO3"
364,871,14,"2BIO3","2BIO3"
1,202,1,"2BIO3","2BIO3"
132,240,62,"2BIO3","2BIO3"
132,255,29,"2BIO3","2BIO3"
353,504,71,"2BIO2","2BIO2"
170,205,19,"2BIO3","2BIO3"
117,272,15,"2BIO3","2BIO3"
119,202,15,"2BIO3","2BIO3"
272,883,27,"2BIO3","2BIO3"
119,447,33,"2BIO3","2BIO3"
170,494,22,"2BIO3","2BIO3"
252,779,25,"2BIO3","2BIO3"
70,240,27,"2BIO3","2BIO3"
117,587,3,"2BIO3","2BIO3"
1,252,3,"2BIO3","2BIO3"
1,117,7,"2BIO3","2BIO3"
132,778,10,"2BIO3","2BIO3"
NA,NA,NA,NA,NA
587,778,19,"2BIO3","2BIO3"
374,778,2,"2BIO3","2BIO3"
177,674,19,"2BIO1","2BIO1"
170,240,3,"2BIO3","2BIO3"
117,871,14,"2BIO3","2BIO3"
779,871,3,"2BIO3","2BIO3"
39,117,17,"2BIO3","2BIO3"
122,170,3,"2BIO3","2BIO3"
240,374,3,"2BIO3","2BIO3"
101,119,20,"2BIO3","2BIO3"
1,494,28,"2BIO3","2BIO3"
101,649,2,"2BIO3","2BIO3"
122,778,7,"2BIO3","2BIO3"
170,778,8,"2BIO3","2BIO3"
272,779,13,"2BIO3","2BIO3"
117,779,3,"2BIO3","2BIO3"
272,871,16,"2BIO3","2BIO3"
312,612,265,"2BIO2","2BIO2"
70,447,29,"2BIO3","2BIO3"
70,196,2,"2BIO3","2BIO3"
1,205,15,"2BIO3","2BIO3"
275,894,2,"2BIO3","2BIO3"
117,196,55,"2BIO3","2BIO3"
205,494,53,"2BIO3","2BIO3"
117,346,3,"2BIO3","2BIO3"
240,425,7,"2BIO3","2BIO3"
106,196,8,"2BIO3","2BIO3"
196,346,43,"2BIO3","2BIO3"
101,240,69,"2BIO3","2BIO3"
779,894,3,"2BIO3","2BIO3"
871,894,18,"2BIO3","2BIO3"
272,894,5,"2BIO3","2BIO3"
196,871,15,"2BIO3","2BIO3"
202,453,11,"2BIO3","2BIO3"
117,894,17,"2BIO3","2BIO3"
587,779,1,"2BIO3","2BIO3"
117,179,5,"2BIO3","2BIO3"
196,364,70,"2BIO3","2BIO3"
124,487,44,"2BIO1","2BIO1"
106,275,1,"2BIO3","2BIO3"
275,871,4,"2BIO3","2BIO3"
587,871,1,"2BIO3","2BIO3"
106,871,17,"2BIO3","2BIO3"
61,612,56,"2BIO2","2BIO2"
117,170,22,"2BIO3","2BIO3"
170,779,7,"2BIO3","2BIO3"
170,179,7,"2BIO3","2BIO3"
28,327,44,"2BIO1","2BIO2"
170,894,76,"2BIO3","2BIO3"
372,720,21,"2BIO2","2BIO2"
3,160,8,"2BIO2","2BIO2"
170,272,14,"2BIO3","2BIO3"
27,171,19,"2BIO2","2BIO2"
327,407,6,"2BIO2","2BIO2"
171,372,15,"2BIO2","2BIO2"
27,407,7,"2BIO2","2BIO2"
226,295,2,"2BIO2","2BIO2"
327,441,28,"2BIO2","2BIO2"
226,327,2,"2BIO2","2BIO2"
464,612,5,"2BIO2","2BIO2"
372,477,7,"2BIO2","2BIO2"
28,226,28,"2BIO1","2BIO2"
160,312,4,"2BIO2","2BIO2"
160,372,3,"2BIO2","2BIO2"
61,160,57,"2BIO2","2BIO2"
61,226,26,"2BIO2","2BIO2"
407,886,2,"2BIO2","2BIO1"
295,372,3,"2BIO2","2BIO2"
312,886,66,"2BIO2","2BIO1"
27,295,2,"2BIO2","2BIO2"
372,544,16,"2BIO2","2BIO3"
327,544,17,"2BIO2","2BIO3"
327,372,43,"2BIO2","2BIO2"
3,407,17,"2BIO2","2BIO2"
372,429,32,"2BIO2","2BIO2"
327,429,92,"2BIO2","2BIO2"
147,407,45,"2BIO2","2BIO2"
28,147,19,"2BIO1","2BIO2"
46,504,4,"2BIO2","2BIO2"
NA,NA,NA,NA,NA
122,871,4,"2BIO3","2BIO3"
257,268,43,"2BIO2","2BIO2"
NA,NA,NA,NA,NA
429,544,9,"2BIO2","2BIO3"
NA,NA,NA,NA,NA
122,339,1,"2BIO3","2BIO2"
124,486,6,"2BIO1","2BIO1"
443,650,2,"2BIO1","2BIO1"
674,984,7,"2BIO1","2BIO1"
945,954,42,"2BIO1","2BIO1"
443,857,5,"2BIO1","2BIO1"
145,954,2,"2BIO1","2BIO1"
145,443,4,"2BIO1","2BIO1"
147,353,27,"2BIO2","2BIO2"
27,173,53,"2BIO2","2BIO2"
NA,NA,NA,NA,NA
443,984,4,"2BIO1","2BIO1"
327,353,3,"2BIO2","2BIO2"
72,984,2,"2BIO1","2BIO1"
854,954,1,"2BIO1","2BIO1"
268,612,5,"2BIO2","2BIO2"
27,720,19,"2BIO2","2BIO2"
124,527,1,"2BIO1","2BIO1"
111,527,2,"2BIO1","2BIO1"
106,475,1,"2BIO3","2BIO1"
471,681,4,"2BIO1","2BIO2"
72,465,1,"2BIO1","2BIO1"
3,353,20,"2BIO2","2BIO2"
72,650,5,"2BIO1","2BIO1"
429,441,161,"2BIO2","2BIO2"
147,226,23,"2BIO2","2BIO2"
27,504,2,"2BIO2","2BIO2"
72,443,3,"2BIO1","2BIO1"
NA,NA,NA,NA,NA
725,859,70,"2BIO1","2BIO1"
3,177,2,"2BIO2","2BIO1"
145,650,27,"2BIO1","2BIO1"
46,268,40,"2BIO2","2BIO2"
372,441,16,"2BIO2","2BIO2"
72,857,4,"2BIO1","2BIO1"
465,854,213,"2BIO1","2BIO1"
353,407,10,"2BIO2","2BIO2"
72,531,3,"2BIO1","2BIO1"
372,504,1,"2BIO2","2BIO2"
147,487,1,"2BIO2","2BIO1"
106,487,3,"2BIO3","2BIO1"
677,854,1,"2BIO1","2BIO1"
177,400,29,"2BIO1","2BIO1"
441,544,9,"2BIO2","2BIO3"
177,637,22,"2BIO1","2BIO1"
487,587,2,"2BIO1","2BIO3"
268,339,15,"2BIO2","2BIO2"
407,504,9,"2BIO2","2BIO2"
257,339,4,"2BIO2","2BIO2"
147,504,3,"2BIO2","2BIO2"
160,464,32,"2BIO2","2BIO2"
160,295,1,"2BIO2","2BIO2"
61,295,3,"2BIO2","2BIO2"
NA,NA,NA,NA,NA
106,179,4,"2BIO3","2BIO3"
61,464,87,"2BIO2","2BIO2"
132,272,18,"2BIO3","2BIO3"
353,429,5,"2BIO2","2BIO2"
295,353,5,"2BIO2","2BIO2"
179,487,1,"2BIO3","2BIO1"
312,720,2,"2BIO2","2BIO2"
132,171,4,"2BIO3","2BIO2"
147,295,8,"2BIO2","2BIO2"
27,544,2,"2BIO2","2BIO3"
27,226,1,"2BIO2","2BIO2"
27,28,31,"2BIO2","2BIO2"
27,327,6,"2BIO2","2BIO2"
28,160,4,"2BIO1","2BIO2"
28,544,2,"2BIO1","2BIO3"
61,372,4,"2BIO2","2BIO2"
295,464,1,"2BIO2","2BIO2"
61,720,13,"2BIO2","2BIO2"
471,970,184,"2BIO1","2BIO1"
268,353,23,"2BIO2","2BIO2"
27,268,1,"2BIO2","2BIO2"
407,464,5,"2BIO2","2BIO2"
160,353,10,"2BIO2","2BIO2"
147,160,12,"2BIO2","2BIO2"
257,504,14,"2BIO2","2BIO2"
147,327,5,"2BIO2","2BIO2"
353,464,3,"2BIO2","2BIO2"
477,720,6,"2BIO2","2BIO2"
3,147,262,"2BIO2","2BIO2"
160,544,26,"2BIO2","2BIO3"
27,477,67,"2BIO2","2BIO2"
1,196,7,"2BIO3","2BIO3"
179,196,5,"2BIO3","2BIO3"
196,494,8,"2BIO3","2BIO3"
428,637,5,"2BIO1","2BIO1"
407,720,42,"2BIO2","2BIO2"
106,170,17,"2BIO3","2BIO3"
268,544,13,"2BIO2","2BIO3"
177,428,6,"2BIO1","2BIO1"
498,637,3,"2BIO1","2BIO1"
177,498,9,"2BIO1","2BIO1"
653,778,65,"2BIO3","2BIO3"
177,809,13,"2BIO1","2BIO1"
NA,NA,NA,NA,NA
132,170,2,"2BIO3","2BIO3"
429,720,16,"2BIO2","2BIO2"
1,364,2,"2BIO3","2BIO3"
487,725,34,"2BIO1","2BIO1"
364,494,9,"2BIO3","2BIO3"
124,725,17,"2BIO1","2BIO1"
364,587,1,"2BIO3","2BIO3"
NA,NA,NA,NA,NA
NA,NA,NA,NA,NA
NA,NA,NA,NA,NA
NA,NA,NA,NA,NA
55,117,8,"2BIO3","2BIO3"
55,106,15,"2BIO3","2BIO3"
117,252,26,"2BIO3","2BIO3"
55,364,5,"2BIO3","2BIO3"
NA,NA,NA,NA,NA
252,494,12,"2BIO3","2BIO3"
NA,NA,NA,NA,NA
1,170,5,"2BIO3","2BIO3"
63,778,6,"2BIO3","2BIO3"
1,894,3,"2BIO3","2BIO3"
1,871,2,"2BIO3","2BIO3"
498,674,6,"2BIO1","2BIO1"
179,252,4,"2BIO3","2BIO3"
177,984,83,"2BIO1","2BIO1"
177,487,24,"2BIO1","2BIO1"
252,778,8,"2BIO3","2BIO3"
55,778,9,"2BIO3","2BIO3"
171,407,4,"2BIO2","2BIO2"
117,778,6,"2BIO3","2BIO3"
177,725,10,"2BIO1","2BIO1"
179,778,4,"2BIO3","2BIO3"
400,809,3,"2BIO1","2BIO1"
171,327,8,"2BIO2","2BIO2"
1,106,3,"2BIO3","2BIO3"
106,494,12,"2BIO3","2BIO3"
170,871,17,"2BIO3","2BIO3"
475,527,4,"2BIO1","2BIO1"
252,871,13,"2BIO3","2BIO3"
487,527,1,"2BIO1","2BIO1"
55,871,3,"2BIO3","2BIO3"
674,954,7,"2BIO1","2BIO1"
72,627,12,"2BIO1","2BIO1"
627,674,3,"2BIO1","2BIO1"
170,883,35,"2BIO3","2BIO3"
117,202,7,"2BIO3","2BIO3"
117,205,16,"2BIO3","2BIO3"
177,954,23,"2BIO1","2BIO1"
177,627,5,"2BIO1","2BIO1"
55,494,3,"2BIO3","2BIO3"
545,954,1,"2BIO3","2BIO1"
627,809,1,"2BIO1","2BIO1"
202,954,1,"2BIO3","2BIO1"
70,527,1,"2BIO3","2BIO1"
627,984,2,"2BIO1","2BIO1"
72,177,11,"2BIO1","2BIO1"
364,447,2,"2BIO3","2BIO3"
240,527,1,"2BIO3","2BIO1"
545,653,54,"2BIO3","2BIO3"
364,527,1,"2BIO3","2BIO1"
202,653,81,"2BIO3","2BIO3"
527,927,1,"2BIO1","2BIO1"
70,954,1,"2BIO3","2BIO1"
179,275,7,"2BIO3","2BIO3"
63,883,2,"2BIO3","2BIO3"
63,894,2,"2BIO3","2BIO3"
72,498,2,"2BIO1","2BIO1"
63,275,3,"2BIO3","2BIO3"
72,527,1,"2BIO1","2BIO1"
487,954,2,"2BIO1","2BIO1"
1,63,2,"2BIO3","2BIO3"
NA,NA,NA,NA,NA
498,954,4,"2BIO1","2BIO1"
106,205,11,"2BIO3","2BIO3"
272,275,3,"2BIO3","2BIO3"
252,272,8,"2BIO3","2BIO3"
428,498,3,"2BIO1","2BIO1"
428,627,4,"2BIO1","2BIO1"
NA,NA,NA,NA,NA
268,327,1,"2BIO2","2BIO2"
160,327,9,"2BIO2","2BIO2"
72,275,3,"2BIO1","2BIO3"
372,407,4,"2BIO2","2BIO2"
72,272,1,"2BIO1","2BIO3"
487,871,2,"2BIO1","2BIO3"
441,720,9,"2BIO2","2BIO2"
72,871,1,"2BIO1","2BIO3"
272,487,7,"2BIO3","2BIO1"
339,504,7,"2BIO2","2BIO2"
NA,NA,NA,NA,NA
353,372,2,"2BIO2","2BIO2"
531,725,1,"2BIO1","2BIO1"
353,544,11,"2BIO2","2BIO3"
46,339,5,"2BIO2","2BIO2"
177,486,4,"2BIO1","2BIO1"
275,487,1,"2BIO3","2BIO1"
27,372,23,"2BIO2","2BIO2"
27,147,6,"2BIO2","2BIO2"
28,720,19,"2BIO1","2BIO2"
720,871,11,"2BIO2","2BIO3"
353,871,1,"2BIO2","2BIO3"
327,720,5,"2BIO2","2BIO2"
504,720,5,"2BIO2","2BIO2"
160,257,4,"2BIO2","2BIO2"
226,257,5,"2BIO2","2BIO2"
257,275,2,"2BIO2","2BIO3"
3,372,6,"2BIO2","2BIO2"
160,268,1,"2BIO2","2BIO2"
275,441,1,"2BIO3","2BIO2"
3,527,1,"2BIO2","2BIO1"
257,527,1,"2BIO2","2BIO1"
226,268,1,"2BIO2","2BIO2"
28,275,1,"2BIO1","2BIO3"
226,407,7,"2BIO2","2BIO2"
27,945,1,"2BIO2","2BIO1"
160,339,2,"2BIO2","2BIO2"
954,984,5,"2BIO1","2BIO1"
257,295,1,"2BIO2","2BIO2"
72,407,7,"2BIO1","2BIO2"
28,429,32,"2BIO1","2BIO2"
165,339,1,"2BIO2","2BIO2"
441,504,53,"2BIO2","2BIO2"
61,339,2,"2BIO2","2BIO2"
257,464,2,"2BIO2","2BIO2"
272,372,8,"2BIO3","2BIO2"
272,429,1,"2BIO3","2BIO2"
272,327,6,"2BIO3","2BIO2"
275,372,2,"2BIO3","2BIO2"
275,327,1,"2BIO3","2BIO2"
407,674,2,"2BIO2","2BIO1"
171,429,8,"2BIO2","2BIO2"
72,147,7,"2BIO1","2BIO2"
61,257,37,"2BIO2","2BIO2"
275,339,1,"2BIO3","2BIO2"
28,407,27,"2BIO1","2BIO2"
339,674,2,"2BIO2","2BIO1"
NA,NA,NA,NA,NA
160,275,1,"2BIO2","2BIO3"
111,725,68,"2BIO1","2BIO1"
111,487,78,"2BIO1","2BIO1"
275,612,10,"2BIO3","2BIO2"
28,653,14,"2BIO1","2BIO3"
275,312,10,"2BIO3","2BIO2"
28,545,3,"2BIO1","2BIO3"
272,544,6,"2BIO3","2BIO3"
275,886,21,"2BIO3","2BIO1"
612,886,210,"2BIO2","2BIO1"
465,927,13,"2BIO1","2BIO1"
854,927,16,"2BIO1","2BIO1"
275,927,1,"2BIO3","2BIO1"
NA,NA,NA,NA,NA
275,854,1,"2BIO3","2BIO1"
465,612,1,"2BIO1","2BIO2"
854,886,1,"2BIO1","2BIO1"
886,927,1,"2BIO2","2BIO1"
465,886,1,"2BIO1","2BIO1"
55,205,1,"2BIO3","2BIO3"
55,196,1,"2BIO3","2BIO3"
106,364,7,"2BIO3","2BIO3"
428,809,3,"2BIO1","2BIO1"
28,353,4,"2BIO1","2BIO2"
111,927,213,"2BIO1","2BIO1"
111,854,22,"2BIO1","2BIO1"
46,464,3,"2BIO2","2BIO2"
275,527,1,"2BIO3","2BIO1"
124,927,11,"2BIO1","2BIO1"
487,854,4,"2BIO1","2BIO1"
487,927,79,"2BIO1","2BIO1"
257,353,9,"2BIO2","2BIO2"
407,954,8,"2BIO2","2BIO1"
147,954,7,"2BIO2","2BIO1"
400,984,4,"2BIO1","2BIO1"
945,984,6,"2BIO1","2BIO1"
117,268,9,"2BIO3","2BIO2"
111,145,3,"2BIO1","2BIO1"
145,487,2,"2BIO1","2BIO1"
145,927,2,"2BIO1","2BIO1"
46,179,1,"2BIO2","2BIO3"
46,63,1,"2BIO2","2BIO3"
145,428,14,"2BIO1","2BIO1"
177,945,36,"2BIO1","2BIO1"
61,101,1,"2BIO2","2BIO3"
101,464,1,"2BIO3","2BIO2"
145,255,1,"2BIO1","2BIO3"
106,720,3,"2BIO3","2BIO2"
124,779,1,"2BIO1","2BIO3"
145,177,2,"2BIO1","2BIO1"
124,272,4,"2BIO1","2BIO3"
124,327,5,"2BIO1","2BIO2"
124,372,2,"2BIO1","2BIO2"
339,353,28,"2BIO2","2BIO2"
46,353,10,"2BIO2","2BIO2"
196,720,2,"2BIO3","2BIO2"
252,720,1,"2BIO3","2BIO2"
28,400,4,"2BIO1","2BIO1"
28,945,3,"2BIO1","2BIO1"
400,945,178,"2BIO1","2BIO1"
28,954,13,"2BIO1","2BIO1"
400,954,13,"2BIO1","2BIO1"
272,407,2,"2BIO3","2BIO2"
39,372,1,"2BIO3","2BIO2"
487,859,29,"2BIO1","2BIO1"
39,196,26,"2BIO3","2BIO3"
275,346,26,"2BIO3","2BIO3"
407,945,4,"2BIO2","2BIO1"
720,779,1,"2BIO2","2BIO3"
39,720,5,"2BIO3","2BIO2"
160,886,6,"2BIO2","2BIO1"
65,809,35,"2BIO1","2BIO1"
778,779,5,"2BIO3","2BIO3"
407,809,1,"2BIO2","2BIO1"
3,498,2,"2BIO2","2BIO1"
160,809,1,"2BIO2","2BIO1"
39,252,29,"2BIO3","2BIO3"
111,970,2,"2BIO1","2BIO1"
3,674,1,"2BIO2","2BIO1"
160,612,2,"2BIO2","2BIO2"
165,674,1,"2BIO2","2BIO1"
3,339,59,"2BIO2","2BIO2"
61,886,16,"2BIO2","2BIO1"
101,778,4,"2BIO3","2BIO3"
101,374,11,"2BIO3","2BIO3"
1,101,1,"2BIO3","2BIO3"
63,101,10,"2BIO3","2BIO3"
101,106,13,"2BIO3","2BIO3"
205,778,2,"2BIO3","2BIO3"
NA,NA,NA,NA,NA
101,179,6,"2BIO3","2BIO3"
NA,NA,NA,NA,NA
101,346,9,"2BIO3","2BIO3"
119,649,10,"2BIO3","2BIO3"
101,364,18,"2BIO3","2BIO3"
106,372,2,"2BIO3","2BIO2"
106,327,1,"2BIO3","2BIO2"
101,196,7,"2BIO3","2BIO3"
1,199,2,"2BIO3","2BIO3"
145,945,7,"2BIO1","2BIO1"
184,272,3,"2BIO2","2BIO3"
196,374,5,"2BIO3","2BIO3"
106,544,1,"2BIO3","2BIO3"
106,184,1,"2BIO3","2BIO3"
179,199,17,"2BIO3","2BIO3"
184,464,3,"2BIO2","2BIO2"
272,464,1,"2BIO3","2BIO2"
859,927,21,"2BIO1","2BIO1"
3,268,5,"2BIO2","2BIO2"
184,544,105,"2BIO2","2BIO3"
106,464,1,"2BIO3","2BIO2"
147,268,3,"2BIO2","2BIO2"
372,464,2,"2BIO2","2BIO2"
63,199,135,"2BIO3","2BIO3"
160,272,1,"2BIO2","2BIO3"
160,184,40,"2BIO2","2BIO3"
527,531,33,"2BIO1","2BIO1"
NA,NA,NA,NA,NA
184,504,5,"2BIO2","2BIO2"
272,720,2,"2BIO3","2BIO2"
179,272,6,"2BIO3","2BIO3"
160,407,4,"2BIO2","2BIO2"
165,257,1,"2BIO2","2BIO2"
486,854,3,"2BIO1","2BIO1"
527,859,1,"2BIO1","2BIO1"
531,859,2,"2BIO1","2BIO1"
531,927,2,"2BIO1","2BIO1"
487,674,1,"2BIO1","2BIO1"
475,677,5,"2BIO1","2BIO1"
177,475,1,"2BIO1","2BIO1"
177,527,8,"2BIO1","2BIO1"
177,531,51,"2BIO1","2BIO1"
NA,NA,NA,NA,NA
65,471,3,"2BIO1","2BIO1"
494,626,1,"2BIO3","2BIO3"
199,626,64,"2BIO3","2BIO3"
199,494,4,"2BIO3","2BIO3"
39,364,18,"2BIO3","2BIO3"
627,857,54,"2BIO1","2BIO1"
475,970,48,"2BIO1","2BIO1"
268,504,83,"2BIO2","2BIO2"
465,486,18,"2BIO1","2BIO1"
443,954,10,"2BIO1","2BIO1"
372,886,1,"2BIO2","2BIO1"
407,429,10,"2BIO2","2BIO2"
346,871,5,"2BIO3","2BIO3"
627,954,5,"2BIO1","2BIO1"
179,240,1,"2BIO3","2BIO3"
28,477,17,"2BIO1","2BIO2"
184,226,23,"2BIO2","2BIO2"
240,346,3,"2BIO3","2BIO3"
117,374,8,"2BIO3","2BIO3"
119,132,80,"2BIO3","2BIO3"
132,202,1,"2BIO3","2BIO3"
119,653,7,"2BIO3","2BIO3"
132,545,3,"2BIO3","2BIO3"
425,649,64,"2BIO3","2BIO3"
119,545,7,"2BIO3","2BIO3"
122,132,55,"2BIO3","2BIO3"
122,545,5,"2BIO3","2BIO3"
70,122,23,"2BIO3","2BIO3"
70,119,13,"2BIO3","2BIO3"
275,653,8,"2BIO3","2BIO3"
55,272,14,"2BIO3","2BIO3"
132,275,17,"2BIO3","2BIO3"
106,779,4,"2BIO3","2BIO3"
255,653,3,"2BIO3","2BIO3"
275,545,2,"2BIO3","2BIO3"
255,545,2,"2BIO3","2BIO3"
122,275,38,"2BIO3","2BIO3"
132,649,10,"2BIO3","2BIO3"
61,544,18,"2BIO2","2BIO3"
132,447,51,"2BIO3","2BIO3"
447,649,26,"2BIO3","2BIO3"
240,364,9,"2BIO3","2BIO3"
196,240,5,"2BIO3","2BIO3"
117,240,3,"2BIO3","2BIO3"
265,778,5,"2BIO3","2BIO3"
39,240,6,"2BIO3","2BIO3"
63,170,1,"2BIO3","2BIO3"
1,179,1,"2BIO3","2BIO3"
39,170,2,"2BIO3","2BIO3"
39,205,4,"2BIO3","2BIO3"
39,494,1,"2BIO3","2BIO3"
63,117,4,"2BIO3","2BIO3"
374,871,3,"2BIO3","2BIO3"
275,649,14,"2BIO3","2BIO3"
255,649,6,"2BIO3","2BIO3"
205,779,2,"2BIO3","2BIO3"
61,312,14,"2BIO2","2BIO2"
122,447,52,"2BIO3","2BIO3"
122,649,11,"2BIO3","2BIO3"
202,779,18,"2BIO3","2BIO3"
145,400,3,"2BIO1","2BIO1"
252,265,71,"2BIO3","2BIO3"
587,883,2,"2BIO3","2BIO3"
55,545,4,"2BIO3","2BIO3"
106,587,3,"2BIO3","2BIO3"
494,894,4,"2BIO3","2BIO3"
132,425,10,"2BIO3","2BIO3"
252,587,3,"2BIO3","2BIO3"
70,649,9,"2BIO3","2BIO3"
265,883,56,"2BIO3","2BIO3"
498,627,38,"2BIO1","2BIO1"
70,425,20,"2BIO3","2BIO3"
275,425,9,"2BIO3","2BIO3"
106,883,5,"2BIO3","2BIO3"
179,626,4,"2BIO3","2BIO3"
179,871,1,"2BIO3","2BIO3"
39,626,4,"2BIO3","2BIO3"
39,179,1,"2BIO3","2BIO3"
NA,NA,NA,NA,NA
NA,NA,NA,NA,NA
63,626,3,"2BIO3","2BIO3"
170,196,6,"2BIO3","2BIO3"
28,372,12,"2BIO1","2BIO2"
3,27,2,"2BIO2","2BIO2"
3,28,6,"2BIO2","2BIO2"
3,327,5,"2BIO2","2BIO2"
28,464,1,"2BIO1","2BIO2"
170,364,2,"2BIO3","2BIO3"
170,374,2,"2BIO3","2BIO3"
NA,NA,NA,NA,NA
626,871,5,"2BIO3","2BIO3"
106,778,15,"2BIO3","2BIO3"
119,778,5,"2BIO3","2BIO3"
NA,NA,NA,NA,NA
147,720,6,"2BIO2","2BIO2"
61,353,16,"2BIO2","2BIO2"
106,199,6,"2BIO3","2BIO3"
117,122,4,"2BIO3","2BIO3"
374,653,2,"2BIO3","2BIO3"
199,202,8,"2BIO3","2BIO3"
202,364,2,"2BIO3","2BIO3"
39,447,2,"2BIO3","2BIO3"
3,272,3,"2BIO2","2BIO3"
72,487,1,"2BIO1","2BIO1"
72,725,1,"2BIO1","2BIO1"
111,859,12,"2BIO1","2BIO1"
407,653,11,"2BIO2","2BIO3"
177,184,1,"2BIO1","2BIO3"
184,720,1,"2BIO2","2BIO2"
255,447,22,"2BIO3","2BIO3"
46,196,4,"2BIO2","2BIO3"
122,653,24,"2BIO3","2BIO3"
487,649,1,"2BIO1","2BIO3"
184,327,14,"2BIO2","2BIO2"
196,312,1,"2BIO3","2BIO2"
725,927,20,"2BIO1","2BIO1"
265,364,17,"2BIO3","2BIO3"
346,778,2,"2BIO3","2BIO3"
425,447,5,"2BIO3","2BIO3"
132,653,5,"2BIO3","2BIO3"
199,778,6,"2BIO3","2BIO3"
199,275,32,"2BIO3","2BIO3"
101,429,1,"2BIO3","2BIO2"
65,443,4,"2BIO1","2BIO1"
199,255,10,"2BIO3","2BIO3"
272,927,3,"2BIO3","2BIO1"
372,927,1,"2BIO2","2BIO1"
NA,NA,NA,NA,NA
184,429,18,"2BIO2","2BIO2"
3,653,6,"2BIO2","2BIO3"
147,653,15,"2BIO2","2BIO3"
173,477,1,"2BIO2","2BIO2"
65,857,1,"2BIO1","2BIO1"
101,353,1,"2BIO3","2BIO2"
101,447,11,"2BIO3","2BIO3"
119,240,14,"2BIO3","2BIO3"
184,441,14,"2BIO2","2BIO2"
374,779,1,"2BIO3","2BIO3"
119,626,4,"2BIO3","2BIO3"
119,272,12,"2BIO3","2BIO3"
353,653,3,"2BIO2","2BIO3"
165,498,2,"2BIO2","2BIO1"
504,778,1,"2BIO2","2BIO3"
NA,NA,NA,NA,NA
124,674,5,"2BIO1","2BIO1"
202,372,2,"2BIO3","2BIO2"
441,471,2,"2BIO2","2BIO1"
NA,NA,NA,NA,NA
61,504,3,"2BIO2","2BIO2"
NA,NA,NA,NA,NA
471,674,5,"2BIO1","2BIO1"
498,677,2,"2BIO1","2BIO1"
184,471,2,"2BIO2","2BIO1"
NA,NA,NA,NA,NA
544,871,1,"2BIO2","2BIO3"
184,372,16,"2BIO2","2BIO2"
65,72,10,"2BIO1","2BIO1"
544,720,1,"2BIO2","2BIO2"
124,681,4,"2BIO1","2BIO2"
124,471,35,"2BIO1","2BIO1"
NA,NA,NA,NA,NA
177,202,1,"2BIO1","2BIO3"
196,268,4,"2BIO3","2BIO2"
202,984,1,"2BIO3","2BIO1"
177,545,1,"2BIO1","2BIO3"
65,954,8,"2BIO1","2BIO1"
545,984,1,"2BIO3","2BIO1"
39,374,1,"2BIO3","2BIO3"
65,677,6,"2BIO1","2BIO1"
475,859,16,"2BIO1","2BIO1"
46,257,9,"2BIO2","2BIO2"
160,504,3,"2BIO2","2BIO2"
196,257,3,"2BIO3","2BIO2"
443,945,16,"2BIO1","2BIO1"
65,407,9,"2BIO1","2BIO2"
160,202,1,"2BIO2","2BIO3"
265,374,4,"2BIO3","2BIO3"
61,202,1,"2BIO2","2BIO3"
27,979,5,"2BIO2","2BIO1"
111,778,1,"2BIO1","2BIO3"
NA,NA,NA,NA,NA
353,545,1,"2BIO2","2BIO3"
111,984,3,"2BIO1","2BIO1"
346,970,1,"2BIO3","2BIO1"
927,984,3,"2BIO1","2BIO1"
63,173,2,"2BIO3","2BIO2"
111,650,11,"2BIO1","2BIO1"
650,927,4,"2BIO1","2BIO1"
177,464,1,"2BIO1","2BIO2"
NA,NA,NA,NA,NA
202,464,1,"2BIO3","2BIO2"
464,504,3,"2BIO2","2BIO2"
61,177,1,"2BIO2","2BIO1"
NA,NA,NA,NA,NA
649,883,4,"2BIO3","2BIO3"
173,179,5,"2BIO2","2BIO3"
160,177,1,"2BIO2","2BIO1"
196,339,2,"2BIO3","2BIO2"
202,353,1,"2BIO3","2BIO2"
447,653,3,"2BIO3","2BIO3"
674,677,12,"2BIO1","2BIO1"
173,720,19,"2BIO2","2BIO2"
272,443,1,"2BIO3","2BIO1"
65,487,4,"2BIO1","2BIO1"
199,240,5,"2BIO3","2BIO3"
240,275,9,"2BIO3","2BIO3"
240,255,12,"2BIO3","2BIO3"
425,778,4,"2BIO3","2BIO3"
111,498,3,"2BIO1","2BIO1"
677,809,11,"2BIO1","2BIO1"
498,725,2,"2BIO1","2BIO1"
NA,NA,NA,NA,NA
3,202,1,"2BIO2","2BIO3"
177,650,6,"2BIO1","2BIO1"
487,650,5,"2BIO1","2BIO1"
3,464,3,"2BIO2","2BIO2"
27,61,2,"2BIO2","2BIO2"
170,545,4,"2BIO3","2BIO3"
170,653,5,"2BIO3","2BIO3"
145,272,1,"2BIO1","2BIO3"
147,674,4,"2BIO2","2BIO1"
272,945,1,"2BIO3","2BIO1"
272,428,1,"2BIO3","2BIO1"
498,859,8,"2BIO1","2BIO1"
177,927,2,"2BIO1","2BIO1"
226,504,11,"2BIO2","2BIO2"
106,859,2,"2BIO3","2BIO1"
122,240,33,"2BIO3","2BIO3"
272,859,2,"2BIO3","2BIO1"
111,177,4,"2BIO1","2BIO1"
177,471,5,"2BIO1","2BIO1"
626,778,7,"2BIO3","2BIO3"
494,883,6,"2BIO3","2BIO3"
179,649,1,"2BIO3","2BIO3"
196,649,1,"2BIO3","2BIO3"
179,374,4,"2BIO3","2BIO3"
252,649,3,"2BIO3","2BIO3"
65,674,3,"2BIO1","2BIO1"
122,199,8,"2BIO3","2BIO3"
177,859,10,"2BIO1","2BIO1"
119,179,31,"2BIO3","2BIO3"
119,199,6,"2BIO3","2BIO3"
650,984,6,"2BIO1","2BIO1"
859,984,9,"2BIO1","2BIO1"
199,252,5,"2BIO3","2BIO3"
106,725,3,"2BIO3","2BIO1"
927,954,1,"2BIO1","2BIO1"
106,954,1,"2BIO3","2BIO1"
111,465,5,"2BIO1","2BIO1"
199,272,1,"2BIO3","2BIO3"
177,677,1,"2BIO1","2BIO1"
106,119,5,"2BIO3","2BIO3"
487,531,1,"2BIO1","2BIO1"
428,489,97,"2BIO1","2BIO1"
145,489,81,"2BIO1","2BIO1"
202,374,2,"2BIO3","2BIO3"
252,425,3,"2BIO3","2BIO3"
346,653,1,"2BIO3","2BIO3"
165,268,8,"2BIO2","2BIO2"
364,649,1,"2BIO3","2BIO3"
196,778,3,"2BIO3","2BIO3"
196,275,4,"2BIO3","2BIO3"
494,720,3,"2BIO3","2BIO2"
272,778,41,"2BIO3","2BIO3"
63,202,3,"2BIO3","2BIO3"
119,255,9,"2BIO3","2BIO3"
173,327,6,"2BIO2","2BIO2"
70,106,2,"2BIO3","2BIO3"
545,778,35,"2BIO3","2BIO3"
119,374,7,"2BIO3","2BIO3"
122,346,21,"2BIO3","2BIO3"
475,927,2,"2BIO1","2BIO1"
147,979,3,"2BIO2","2BIO1"
202,778,15,"2BIO3","2BIO3"
3,477,20,"2BIO2","2BIO2"
39,106,5,"2BIO3","2BIO3"
428,677,6,"2BIO1","2BIO1"
650,954,1,"2BIO1","2BIO1"
275,374,7,"2BIO3","2BIO3"
464,720,4,"2BIO2","2BIO2"
626,653,15,"2BIO3","2BIO3"
255,346,9,"2BIO3","2BIO3"
400,857,1,"2BIO1","2BIO1"
111,531,2,"2BIO1","2BIO1"
124,859,9,"2BIO1","2BIO1"
475,725,16,"2BIO1","2BIO1"
72,677,2,"2BIO1","2BIO1"
637,945,5,"2BIO1","2BIO1"
122,179,3,"2BIO3","2BIO3"
NA,NA,NA,NA,NA
199,545,3,"2BIO3","2BIO3"
65,111,2,"2BIO1","2BIO1"
65,531,13,"2BIO1","2BIO1"
117,883,3,"2BIO3","2BIO3"
205,275,1,"2BIO3","2BIO3"
275,494,1,"2BIO3","2BIO3"
65,527,7,"2BIO1","2BIO1"
63,653,4,"2BIO3","2BIO3"
70,255,3,"2BIO3","2BIO3"
119,205,1,"2BIO3","2BIO3"
252,894,3,"2BIO3","2BIO3"
122,494,1,"2BIO3","2BIO3"
202,272,3,"2BIO3","2BIO3"
106,202,2,"2BIO3","2BIO3"
179,653,6,"2BIO3","2BIO3"
NA,NA,NA,NA,NA
199,954,1,"2BIO3","2BIO1"
429,464,1,"2BIO2","2BIO2"
498,945,5,"2BIO1","2BIO1"
27,257,3,"2BIO2","2BIO2"
27,179,3,"2BIO2","2BIO3"
196,653,2,"2BIO3","2BIO3"
374,531,1,"2BIO3","2BIO1"
61,196,3,"2BIO2","2BIO3"
65,374,1,"2BIO1","2BIO3"
72,374,1,"2BIO1","2BIO3"
179,464,2,"2BIO3","2BIO2"
202,252,2,"2BIO3","2BIO3"
346,489,3,"2BIO3","2BIO1"
374,527,1,"2BIO3","2BIO1"
179,720,1,"2BIO3","2BIO2"
257,720,1,"2BIO2","2BIO2"
NA,NA,NA,NA,NA
179,257,1,"2BIO3","2BIO2"
531,677,5,"2BIO1","2BIO1"
374,677,2,"2BIO3","2BIO1"
265,720,6,"2BIO3","2BIO2"
119,883,1,"2BIO3","2BIO3"
364,650,2,"2BIO3","2BIO1"
132,650,1,"2BIO3","2BIO1"
252,883,6,"2BIO3","2BIO3"
124,970,53,"2BIO1","2BIO1"
257,857,1,"2BIO2","2BIO1"
650,778,1,"2BIO1","2BIO3"
364,653,1,"2BIO3","2BIO3"
653,894,1,"2BIO3","2BIO3"
257,489,1,"2BIO2","2BIO1"
265,894,3,"2BIO3","2BIO3"
364,778,3,"2BIO3","2BIO3"
106,545,2,"2BIO3","2BIO3"
173,464,1,"2BIO2","2BIO2"
NA,NA,NA,NA,NA
527,677,6,"2BIO1","2BIO1"
27,464,1,"2BIO2","2BIO2"
70,545,1,"2BIO3","2BIO3"
364,894,2,"2BIO3","2BIO3"
70,199,6,"2BIO3","2BIO3"
653,674,3,"2BIO3","2BIO1"
653,954,3,"2BIO3","2BIO1"
173,196,1,"2BIO2","2BIO3"
72,653,4,"2BIO1","2BIO3"
111,486,1,"2BIO1","2BIO1"
70,179,6,"2BIO3","2BIO3"
487,778,2,"2BIO1","2BIO3"
63,196,4,"2BIO3","2BIO3"
117,199,3,"2BIO3","2BIO3"
199,447,1,"2BIO3","2BIO3"
637,984,16,"2BIO1","2BIO1"
471,527,1,"2BIO1","2BIO1"
106,927,2,"2BIO3","2BIO1"
111,637,1,"2BIO1","2BIO1"
471,677,2,"2BIO1","2BIO1"
179,447,6,"2BIO3","2BIO3"
196,894,2,"2BIO3","2BIO3"
196,447,3,"2BIO3","2BIO3"
NA,NA,NA,NA,NA
70,653,2,"2BIO3","2BIO3"
111,809,2,"2BIO1","2BIO1"
132,199,3,"2BIO3","2BIO3"
272,653,10,"2BIO3","2BIO3"
55,653,15,"2BIO3","2BIO3"
70,778,5,"2BIO3","2BIO3"
372,649,1,"2BIO2","2BIO3"
179,494,1,"2BIO3","2BIO3"
63,272,3,"2BIO3","2BIO3"
NA,NA,NA,NA,NA
70,346,2,"2BIO3","2BIO3"
132,374,1,"2BIO3","2BIO3"
653,779,5,"2BIO3","2BIO3"
272,364,18,"2BIO3","2BIO3"
70,374,2,"2BIO3","2BIO3"
199,374,1,"2BIO3","2BIO3"
70,272,3,"2BIO3","2BIO3"
720,778,1,"2BIO2","2BIO3"
778,894,3,"2BIO3","2BIO3"
364,720,1,"2BIO3","2BIO2"
199,364,2,"2BIO3","2BIO3"
226,372,1,"2BIO2","2BIO2"
205,272,6,"2BIO3","2BIO3"
272,494,3,"2BIO3","2BIO3"
199,346,2,"2BIO3","2BIO3"
132,179,3,"2BIO3","2BIO3"
70,275,2,"2BIO3","2BIO3"
132,364,1,"2BIO3","2BIO3"
255,374,2,"2BIO3","2BIO3"
199,720,1,"2BIO3","2BIO2"
170,265,4,"2BIO3","2BIO3"
106,265,10,"2BIO3","2BIO3"
61,327,4,"2BIO2","2BIO2"
173,429,1,"2BIO2","2BIO2"
257,372,1,"2BIO2","2BIO2"
173,372,1,"2BIO2","2BIO2"
3,61,5,"2BIO2","2BIO2"
372,612,1,"2BIO2","2BIO2"
28,61,1,"2BIO1","2BIO2"
27,312,1,"2BIO2","2BIO2"
173,312,1,"2BIO2","2BIO2"
353,979,4,"2BIO2","2BIO1"
147,339,5,"2BIO2","2BIO2"
28,979,1,"2BIO1","2BIO1"
312,979,4,"2BIO2","2BIO1"
28,441,5,"2BIO1","2BIO2"
147,477,50,"2BIO2","2BIO2"
72,489,1,"2BIO1","2BIO1"
55,894,3,"2BIO3","2BIO3"
NA,NA,NA,NA,NA
494,653,2,"2BIO3","2BIO3"
55,626,2,"2BIO3","2BIO3"
649,894,1,"2BIO3","2BIO3"
132,626,2,"2BIO3","2BIO3"
871,883,9,"2BIO3","2BIO3"
NA,NA,NA,NA,NA
70,626,3,"2BIO3","2BIO3"
119,265,1,"2BIO3","2BIO3"
122,205,1,"2BIO3","2BIO3"
122,894,2,"2BIO3","2BIO3"
205,545,1,"2BIO3","2BIO3"
545,894,2,"2BIO3","2BIO3"
NA,NA,NA,NA,NA
122,364,3,"2BIO3","2BIO3"
205,871,9,"2BIO3","2BIO3"
465,487,1,"2BIO1","2BIO1"
475,637,2,"2BIO1","2BIO1"
400,489,5,"2BIO1","2BIO1"
177,857,4,"2BIO1","2BIO1"
177,970,1,"2BIO1","2BIO1"
854,970,1,"2BIO1","2BIO1"
63,122,3,"2BIO3","2BIO3"
489,945,11,"2BIO1","2BIO1"
443,778,1,"2BIO1","2BIO3"
637,778,1,"2BIO1","2BIO3"
428,626,1,"2BIO1","2BIO3"
NA,NA,NA,NA,NA
441,979,1,"2BIO2","2BIO1"
65,498,3,"2BIO1","2BIO1"
65,637,3,"2BIO1","2BIO1"
55,179,2,"2BIO3","2BIO3"
268,979,16,"2BIO2","2BIO1"
196,779,3,"2BIO3","2BIO3"
884,979,8,"2BIO2","2BIO1"
147,184,5,"2BIO2","2BIO3"
184,407,5,"2BIO2","2BIO2"
184,653,12,"2BIO2","2BIO3"
63,447,3,"2BIO3","2BIO3"
72,184,3,"2BIO1","2BIO3"
184,954,3,"2BIO2","2BIO1"
65,428,1,"2BIO1","2BIO1"
428,857,6,"2BIO1","2BIO1"
145,465,4,"2BIO1","2BIO1"
65,147,4,"2BIO1","2BIO2"
145,854,3,"2BIO1","2BIO1"
428,854,2,"2BIO1","2BIO1"
489,854,3,"2BIO1","2BIO1"
428,465,4,"2BIO1","2BIO1"
465,489,3,"2BIO1","2BIO1"
65,653,3,"2BIO1","2BIO3"
65,184,1,"2BIO1","2BIO3"
117,927,1,"2BIO3","2BIO1"
428,486,10,"2BIO1","2BIO1"
111,117,1,"2BIO1","2BIO3"
653,871,4,"2BIO3","2BIO3"
486,627,3,"2BIO1","2BIO1"
494,871,7,"2BIO3","2BIO3"
NA,NA,NA,NA,NA
145,486,2,"2BIO1","2BIO1"
475,809,1,"2BIO1","2BIO1"
400,653,1,"2BIO1","2BIO3"
653,945,2,"2BIO3","2BIO1"
527,627,1,"2BIO1","2BIO1"
65,984,11,"2BIO1","2BIO1"
65,400,5,"2BIO1","2BIO1"
486,857,1,"2BIO1","2BIO1"
653,984,3,"2BIO3","2BIO1"
177,653,2,"2BIO1","2BIO3"
428,527,3,"2BIO1","2BIO1"
147,984,1,"2BIO2","2BIO1"
28,177,2,"2BIO1","2BIO1"
627,854,1,"2BIO1","2BIO1"
465,857,1,"2BIO1","2BIO1"
465,627,1,"2BIO1","2BIO1"
184,239,3,"2BIO2","2BIO2"
239,504,1,"2BIO2","2BIO2"
257,374,1,"2BIO2","2BIO3"
27,498,1,"2BIO2","2BIO1"
179,894,1,"2BIO3","2BIO3"
720,970,1,"2BIO2","2BIO1"
475,720,1,"2BIO1","2BIO2"
407,984,3,"2BIO2","2BIO1"
489,857,1,"2BIO1","2BIO1"
61,268,4,"2BIO2","2BIO2"
353,374,1,"2BIO2","2BIO3"
465,498,1,"2BIO1","2BIO1"
489,498,1,"2BIO1","2BIO1"
124,202,1,"2BIO1","2BIO3"
327,504,2,"2BIO2","2BIO2"
202,471,1,"2BIO3","2BIO1"
681,720,1,"2BIO1","2BIO2"
809,857,1,"2BIO1","2BIO1"
498,970,2,"2BIO1","2BIO1"
778,871,11,"2BIO3","2BIO3"
65,177,13,"2BIO1","2BIO1"
145,809,1,"2BIO1","2BIO1"
407,443,3,"2BIO2","2BIO1"
NA,NA,NA,NA,NA
177,626,1,"2BIO1","2BIO3"
471,809,3,"2BIO1","2BIO1"
124,498,1,"2BIO1","2BIO1"
471,498,2,"2BIO1","2BIO1"
72,124,1,"2BIO1","2BIO1"
637,954,5,"2BIO1","2BIO1"
970,984,2,"2BIO1","2BIO1"
681,970,3,"2BIO1","2BIO1"
111,179,1,"2BIO1","2BIO3"
72,970,2,"2BIO1","2BIO1"
471,984,3,"2BIO1","2BIO1"
62,945,1,"2BIO1","2BIO1"
72,145,2,"2BIO1","2BIO1"
65,145,1,"2BIO1","2BIO1"
NA,NA,NA,NA,NA
809,984,2,"2BIO1","2BIO1"
372,626,2,"2BIO2","2BIO3"
489,637,7,"2BIO1","2BIO1"
428,443,2,"2BIO1","2BIO1"
498,809,6,"2BIO1","2BIO1"
205,527,2,"2BIO3","2BIO1"
177,443,8,"2BIO1","2BIO1"
443,809,4,"2BIO1","2BIO1"
205,531,2,"2BIO3","2BIO1"
62,145,4,"2BIO1","2BIO1"
177,489,5,"2BIO1","2BIO1"
65,859,7,"2BIO1","2BIO1"
859,970,6,"2BIO1","2BIO1"
124,677,2,"2BIO1","2BIO1"
124,145,2,"2BIO1","2BIO1"
65,970,6,"2BIO1","2BIO1"
65,945,5,"2BIO1","2BIO1"
428,859,6,"2BIO1","2BIO1"
106,312,1,"2BIO3","2BIO2"
NA,NA,NA,NA,NA
504,979,22,"2BIO2","2BIO1"
441,447,2,"2BIO2","2BIO3"
NA,NA,NA,NA,NA
147,779,1,"2BIO2","2BIO3"
61,779,1,"2BIO2","2BIO3"
268,364,1,"2BIO2","2BIO3"
226,653,5,"2BIO2","2BIO3"
196,979,1,"2BIO3","2BIO1"
327,447,2,"2BIO2","2BIO3"
61,179,1,"2BIO2","2BIO3"
61,63,1,"2BIO2","2BIO3"
626,894,3,"2BIO3","2BIO3"
179,779,1,"2BIO3","2BIO3"
179,612,1,"2BIO3","2BIO2"
612,779,1,"2BIO2","2BIO3"
275,779,1,"2BIO3","2BIO3"
39,275,3,"2BIO3","2BIO3"
147,196,4,"2BIO2","2BIO3"
272,339,1,"2BIO3","2BIO2"
27,265,1,"2BIO2","2BIO3"
364,779,1,"2BIO3","2BIO3"
147,272,2,"2BIO2","2BIO3"
407,778,2,"2BIO2","2BIO3"
626,779,1,"2BIO3","2BIO3"
372,447,2,"2BIO2","2BIO3"
184,447,4,"2BIO2","2BIO3"
252,626,1,"2BIO3","2BIO3"
101,626,12,"2BIO3","2BIO3"
364,626,5,"2BIO3","2BIO3"
240,626,14,"2BIO3","2BIO3"
122,626,4,"2BIO3","2BIO3"
272,447,5,"2BIO3","2BIO3"
205,364,3,"2BIO3","2BIO3"
205,265,5,"2BIO3","2BIO3"
425,626,2,"2BIO3","2BIO3"
70,101,5,"2BIO3","2BIO3"
327,464,2,"2BIO2","2BIO2"
252,653,3,"2BIO3","2BIO3"
28,202,2,"2BIO1","2BIO3"
272,626,3,"2BIO3","2BIO3"
346,425,53,"2BIO3","2BIO3"
101,545,1,"2BIO3","2BIO3"
353,886,3,"2BIO2","2BIO1"
147,239,6,"2BIO2","2BIO2"
101,202,1,"2BIO3","2BIO3"
312,353,2,"2BIO2","2BIO2"
239,720,1,"2BIO2","2BIO2"
339,979,1,"2BIO2","2BIO1"
61,184,14,"2BIO2","2BIO3"
184,353,11,"2BIO2","2BIO2"
239,327,8,"2BIO2","2BIO2"
124,531,5,"2BIO1","2BIO1"
471,859,5,"2BIO1","2BIO1"
489,859,4,"2BIO1","2BIO1"
489,954,12,"2BIO1","2BIO1"
859,945,2,"2BIO1","2BIO1"
101,255,3,"2BIO3","2BIO3"
637,650,1,"2BIO1","2BIO1"
72,809,1,"2BIO1","2BIO1"
400,465,1,"2BIO1","2BIO1"
145,498,1,"2BIO1","2BIO1"
NA,NA,NA,NA,NA
428,945,1,"2BIO1","2BIO1"
443,498,4,"2BIO1","2BIO1"
489,809,2,"2BIO1","2BIO1"
3,239,2,"2BIO2","2BIO2"
443,489,3,"2BIO1","2BIO1"
NA,NA,NA,NA,NA
NA,NA,NA,NA,NA
NA,NA,NA,NA,NA
65,489,2,"2BIO1","2BIO1"
637,859,3,"2BIO1","2BIO1"
443,859,1,"2BIO1","2BIO1"
179,545,2,"2BIO3","2BIO3"
239,477,1,"2BIO2","2BIO2"
346,447,2,"2BIO3","2BIO3"
106,894,1,"2BIO3","2BIO3"
106,425,2,"2BIO3","2BIO3"
425,894,1,"2BIO3","2BIO3"
205,587,1,"2BIO3","2BIO3"
205,252,3,"2BIO3","2BIO3"
119,346,4,"2BIO3","2BIO3"
101,894,1,"2BIO3","2BIO3"
106,653,3,"2BIO3","2BIO3"
147,544,19,"2BIO2","2BIO3"
239,407,1,"2BIO2","2BIO2"
257,612,2,"2BIO2","2BIO2"
27,441,2,"2BIO2","2BIO2"
477,979,1,"2BIO2","2BIO1"
147,778,2,"2BIO2","2BIO3"
147,894,1,"2BIO2","2BIO3"
504,649,1,"2BIO2","2BIO3"
272,441,3,"2BIO3","2BIO2"
240,778,2,"2BIO3","2BIO3"
240,894,5,"2BIO3","2BIO3"
353,612,2,"2BIO2","2BIO2"
268,312,2,"2BIO2","2BIO2"
429,504,7,"2BIO2","2BIO2"
101,132,3,"2BIO3","2BIO3"
265,545,2,"2BIO3","2BIO3"
202,265,1,"2BIO3","2BIO3"
257,312,1,"2BIO2","2BIO2"
28,504,3,"2BIO1","2BIO2"
339,407,2,"2BIO2","2BIO2"
3,504,3,"2BIO2","2BIO2"
61,147,4,"2BIO2","2BIO2"
61,477,1,"2BIO2","2BIO2"
3,720,8,"2BIO2","2BIO2"
720,886,1,"2BIO2","2BIO1"
3,886,1,"2BIO2","2BIO1"
364,425,2,"2BIO3","2BIO3"
443,970,2,"2BIO1","2BIO1"
145,674,4,"2BIO1","2BIO1"
61,239,22,"2BIO2","2BIO2"
199,205,2,"2BIO3","2BIO3"
119,275,6,"2BIO3","2BIO3"
NA,NA,NA,NA,NA
196,443,1,"2BIO3","2BIO1"
171,464,1,"2BIO2","2BIO2"
184,339,2,"2BIO2","2BIO2"
3,184,26,"2BIO2","2BIO3"
346,494,1,"2BIO3","2BIO3"
63,346,2,"2BIO3","2BIO3"
63,240,12,"2BIO3","2BIO3"
70,202,4,"2BIO3","2BIO3"
61,979,27,"2BIO2","2BIO1"
475,627,7,"2BIO1","2BIO1"
173,295,10,"2BIO2","2BIO2"
487,677,2,"2BIO1","2BIO1"
475,857,8,"2BIO1","2BIO1"
145,970,2,"2BIO1","2BIO1"
132,265,3,"2BIO3","2BIO3"
487,489,1,"2BIO1","2BIO1"
145,859,4,"2BIO1","2BIO1"
927,970,4,"2BIO1","2BIO1"
487,970,4,"2BIO1","2BIO1"
471,487,4,"2BIO1","2BIO1"
63,494,2,"2BIO3","2BIO3"
239,464,6,"2BIO2","2BIO2"
196,205,2,"2BIO3","2BIO3"
627,637,2,"2BIO1","2BIO1"
487,627,1,"2BIO1","2BIO1"
339,372,1,"2BIO2","2BIO2"
239,544,26,"2BIO2","2BIO3"
295,504,2,"2BIO2","2BIO2"
28,295,10,"2BIO1","2BIO2"
46,226,1,"2BIO2","2BIO2"
171,441,8,"2BIO2","2BIO2"
106,240,5,"2BIO3","2BIO3"
239,429,3,"2BIO2","2BIO2"
475,477,2,"2BIO1","2BIO2"
196,626,4,"2BIO3","2BIO3"
101,871,3,"2BIO3","2BIO3"
226,464,4,"2BIO2","2BIO2"
295,407,9,"2BIO2","2BIO2"
39,101,2,"2BIO3","2BIO3"
477,627,2,"2BIO2","2BIO1"
147,372,3,"2BIO2","2BIO2"
171,498,2,"2BIO2","2BIO1"
477,857,1,"2BIO2","2BIO1"
61,441,3,"2BIO2","2BIO2"
61,171,1,"2BIO2","2BIO2"
464,544,3,"2BIO2","2BIO3"
173,504,1,"2BIO2","2BIO2"
NA,NA,NA,NA,NA
226,239,1,"2BIO2","2BIO2"
295,327,21,"2BIO2","2BIO2"
199,871,1,"2BIO3","2BIO3"
39,894,1,"2BIO3","2BIO3"
205,240,9,"2BIO3","2BIO3"
471,475,17,"2BIO1","2BIO1"
471,637,1,"2BIO1","2BIO1"
857,970,2,"2BIO1","2BIO1"
498,857,7,"2BIO1","2BIO1"
650,970,3,"2BIO1","2BIO1"
677,927,1,"2BIO1","2BIO1"
475,945,1,"2BIO1","2BIO1"
327,477,4,"2BIO2","2BIO2"
498,650,1,"2BIO1","2BIO1"
111,857,2,"2BIO1","2BIO1"
400,650,1,"2BIO1","2BIO1"
650,945,1,"2BIO1","2BIO1"
400,498,2,"2BIO1","2BIO1"
111,400,1,"2BIO1","2BIO1"
111,945,2,"2BIO1","2BIO1"
650,809,1,"2BIO1","2BIO1"
809,970,4,"2BIO1","2BIO1"
65,124,4,"2BIO1","2BIO1"
471,486,2,"2BIO1","2BIO1"
124,809,4,"2BIO1","2BIO1"
486,650,7,"2BIO1","2BIO1"
202,447,1,"2BIO3","2BIO3"
122,272,7,"2BIO3","2BIO3"
275,883,2,"2BIO3","2BIO3"
63,364,1,"2BIO3","2BIO3"
265,779,8,"2BIO3","2BIO3"
447,626,1,"2BIO3","2BIO3"
240,649,4,"2BIO3","2BIO3"
39,119,2,"2BIO3","2BIO3"
272,587,3,"2BIO3","2BIO3"
39,649,1,"2BIO3","2BIO3"
63,779,1,"2BIO3","2BIO3"
63,545,2,"2BIO3","2BIO3"
240,272,4,"2BIO3","2BIO3"
NA,NA,NA,NA,NA
101,272,3,"2BIO3","2BIO3"
101,494,1,"2BIO3","2BIO3"
117,626,6,"2BIO3","2BIO3"
39,346,3,"2BIO3","2BIO3"
272,545,8,"2BIO3","2BIO3"
265,587,1,"2BIO3","2BIO3"
447,778,4,"2BIO3","2BIO3"
63,106,2,"2BIO3","2BIO3"
226,339,7,"2BIO2","2BIO2"
70,779,2,"2BIO3","2BIO3"
124,984,28,"2BIO1","2BIO1"
265,272,4,"2BIO3","2BIO3"
55,265,4,"2BIO3","2BIO3"
122,883,5,"2BIO3","2BIO3"
171,295,1,"2BIO2","2BIO2"
184,257,1,"2BIO2","2BIO2"
3,257,2,"2BIO2","2BIO2"
3,295,9,"2BIO2","2BIO2"
55,447,2,"2BIO3","2BIO3"
122,779,1,"2BIO3","2BIO3"
119,779,2,"2BIO3","2BIO3"
265,425,2,"2BIO3","2BIO3"
475,487,2,"2BIO1","2BIO1"
486,677,2,"2BIO1","2BIO1"
NA,NA,NA,NA,NA
124,650,3,"2BIO1","2BIO1"
809,859,1,"2BIO1","2BIO1"
NA,NA,NA,NA,NA
471,650,4,"2BIO1","2BIO1"
255,425,4,"2BIO3","2BIO3"
NA,NA,NA,NA,NA
70,265,2,"2BIO3","2BIO3"
265,447,2,"2BIO3","2BIO3"
650,859,3,"2BIO1","2BIO1"
265,649,1,"2BIO3","2BIO3"
132,883,1,"2BIO3","2BIO3"
119,587,1,"2BIO3","2BIO3"
122,587,1,"2BIO3","2BIO3"
255,779,2,"2BIO3","2BIO3"
28,184,3,"2BIO1","2BIO3"
28,171,22,"2BIO1","2BIO2"
132,252,1,"2BIO3","2BIO3"
265,275,1,"2BIO3","2BIO3"
55,275,1,"2BIO3","2BIO3"
119,252,1,"2BIO3","2BIO3"
122,145,3,"2BIO3","2BIO1"
145,447,1,"2BIO1","2BIO3"
132,145,1,"2BIO3","2BIO1"
70,145,1,"2BIO3","2BIO1"
778,883,2,"2BIO3","2BIO3"
147,312,3,"2BIO2","2BIO2"
145,637,1,"2BIO1","2BIO1"
72,312,1,"2BIO1","2BIO2"
857,954,2,"2BIO1","2BIO1"
441,778,1,"2BIO2","2BIO3"
70,883,1,"2BIO3","2BIO3"
196,272,5,"2BIO3","2BIO3"
627,945,2,"2BIO1","2BIO1"
72,859,1,"2BIO1","2BIO1"
111,677,1,"2BIO1","2BIO1"
124,177,2,"2BIO1","2BIO1"
465,725,1,"2BIO1","2BIO1"
46,170,1,"2BIO2","2BIO3"
196,407,1,"2BIO3","2BIO2"
28,312,1,"2BIO1","2BIO2"
NA,NA,NA,NA,NA
147,429,4,"2BIO2","2BIO2"
122,429,1,"2BIO3","2BIO2"
3,429,4,"2BIO2","2BIO2"
407,477,2,"2BIO2","2BIO2"
61,272,2,"2BIO2","2BIO3"
295,429,3,"2BIO2","2BIO2"
184,883,1,"2BIO2","2BIO3"
184,205,1,"2BIO2","2BIO3"
173,407,7,"2BIO2","2BIO2"
171,720,3,"2BIO2","2BIO2"
443,627,2,"2BIO1","2BIO1"
763,979,8,"2BIO2","2BIO1"
106,122,1,"2BIO3","2BIO3"
39,677,1,"2BIO3","2BIO1"
205,475,1,"2BIO3","2BIO1"
177,494,1,"2BIO1","2BIO3"
475,494,1,"2BIO1","2BIO3"
295,720,5,"2BIO2","2BIO2"
809,945,1,"2BIO1","2BIO1"
226,984,1,"2BIO2","2BIO1"
312,544,5,"2BIO2","2BIO3"
312,464,2,"2BIO2","2BIO2"
612,720,1,"2BIO2","2BIO2"
339,720,1,"2BIO2","2BIO2"
106,124,1,"2BIO3","2BIO1"
63,720,1,"2BIO3","2BIO2"
106,441,1,"2BIO3","2BIO2"
106,504,2,"2BIO3","2BIO2"
147,441,3,"2BIO2","2BIO2"
441,477,1,"2BIO2","2BIO2"
171,184,1,"2BIO2","2BIO3"
46,441,2,"2BIO2","2BIO2"
504,886,1,"2BIO2","2BIO1"
70,111,1,"2BIO3","2BIO1"
268,441,1,"2BIO2","2BIO2"
46,61,2,"2BIO2","2BIO2"
3,46,4,"2BIO2","2BIO2"
46,160,1,"2BIO2","2BIO2"
184,240,2,"2BIO2","2BIO3"
70,184,2,"2BIO3","2BIO3"
70,327,1,"2BIO3","2BIO2"
240,327,1,"2BIO3","2BIO2"
240,544,2,"2BIO3","2BIO3"
339,441,1,"2BIO2","2BIO2"
39,46,1,"2BIO3","2BIO2"
265,346,1,"2BIO3","2BIO3"
226,544,11,"2BIO2","2BIO3"
527,984,5,"2BIO1","2BIO1"
106,626,3,"2BIO3","2BIO3"
425,545,1,"2BIO3","2BIO3"
63,119,2,"2BIO3","2BIO3"
199,265,1,"2BIO3","2BIO3"
199,653,7,"2BIO3","2BIO3"
63,132,1,"2BIO3","2BIO3"
117,425,19,"2BIO3","2BIO3"
46,147,2,"2BIO2","2BIO2"
612,979,1,"2BIO2","2BIO1"
63,70,1,"2BIO3","2BIO3"
101,252,3,"2BIO3","2BIO3"
63,927,1,"2BIO3","2BIO1"
101,145,1,"2BIO3","2BIO1"
106,145,2,"2BIO3","2BIO1"
145,425,1,"2BIO1","2BIO3"
106,984,2,"2BIO3","2BIO1"
106,177,1,"2BIO3","2BIO1"
106,650,2,"2BIO3","2BIO1"
61,429,4,"2BIO2","2BIO2"
531,984,9,"2BIO1","2BIO1"
3,545,3,"2BIO2","2BIO3"
199,650,1,"2BIO3","2BIO1"
275,650,2,"2BIO3","2BIO1"
184,626,4,"2BIO2","2BIO3"
295,612,1,"2BIO2","2BIO2"
106,268,1,"2BIO3","2BIO2"
407,545,1,"2BIO2","2BIO3"
202,407,1,"2BIO3","2BIO2"
268,407,13,"2BIO2","2BIO2"
132,428,2,"2BIO3","2BIO1"
312,498,3,"2BIO2","2BIO1"
979,984,2,"2BIO2","2BIO1"
407,498,2,"2BIO2","2BIO1"
61,346,1,"2BIO2","2BIO3"
147,545,3,"2BIO2","2BIO3"
72,295,2,"2BIO1","2BIO2"
295,954,2,"2BIO2","2BIO1"
252,650,1,"2BIO3","2BIO1"
252,275,10,"2BIO3","2BIO3"
177,407,8,"2BIO1","2BIO2"
147,443,1,"2BIO2","2BIO1"
465,531,6,"2BIO1","2BIO1"
101,984,1,"2BIO3","2BIO1"
3,106,2,"2BIO2","2BIO3"
72,353,3,"2BIO1","2BIO2"
353,954,1,"2BIO2","2BIO1"
531,854,7,"2BIO1","2BIO1"
106,147,2,"2BIO3","2BIO2"
132,489,1,"2BIO3","2BIO1"
101,275,1,"2BIO3","2BIO3"
3,196,2,"2BIO2","2BIO3"
106,429,1,"2BIO3","2BIO2"
65,122,1,"2BIO1","2BIO3"
257,650,3,"2BIO2","2BIO1"
184,213,1,"2BIO2","2BIO3"
61,927,1,"2BIO2","2BIO1"
106,111,1,"2BIO3","2BIO1"
3,626,1,"2BIO2","2BIO3"
184,498,1,"2BIO2","2BIO1"
372,498,2,"2BIO2","2BIO1"
160,626,1,"2BIO2","2BIO3"
3,63,1,"2BIO2","2BIO3"
295,674,1,"2BIO2","2BIO1"
119,160,1,"2BIO3","2BIO2"
202,275,1,"2BIO3","2BIO3"
637,857,1,"2BIO1","2BIO1"
3,441,1,"2BIO2","2BIO2"
63,425,2,"2BIO3","2BIO3"
147,498,1,"2BIO2","2BIO1"
NA,NA,NA,NA,NA
272,425,2,"2BIO3","2BIO3"
119,871,1,"2BIO3","2BIO3"
160,498,1,"2BIO2","2BIO1"
498,984,1,"2BIO1","2BIO1"
NA,NA,NA,NA,NA
725,854,1,"2BIO1","2BIO1"
650,674,2,"2BIO1","2BIO1"
674,854,1,"2BIO1","2BIO1"
179,364,1,"2BIO3","2BIO3"
173,441,1,"2BIO2","2BIO2"
353,720,2,"2BIO2","2BIO2"
531,674,2,"2BIO1","2BIO1"
407,441,3,"2BIO2","2BIO2"
809,954,1,"2BIO1","2BIO1"
471,627,1,"2BIO1","2BIO1"
111,674,2,"2BIO1","2BIO1"
475,650,1,"2BIO1","2BIO1"
145,475,1,"2BIO1","2BIO1"
145,471,1,"2BIO1","2BIO1"
428,927,5,"2BIO1","2BIO1"
489,970,2,"2BIO1","2BIO1"
637,970,1,"2BIO1","2BIO1"
428,725,2,"2BIO1","2BIO1"
487,498,1,"2BIO1","2BIO1"
124,465,3,"2BIO1","2BIO1"
184,268,1,"2BIO2","2BIO2"
441,464,1,"2BIO2","2BIO2"
268,295,2,"2BIO2","2BIO2"
147,257,1,"2BIO2","2BIO2"
199,425,1,"2BIO3","2BIO3"
859,954,1,"2BIO1","2BIO1"
240,265,1,"2BIO3","2BIO3"
132,504,1,"2BIO3","2BIO2"
252,255,2,"2BIO3","2BIO3"
39,883,1,"2BIO3","2BIO3"
196,428,1,"2BIO3","2BIO1"
428,475,2,"2BIO1","2BIO1"
72,471,3,"2BIO1","2BIO1"
428,674,3,"2BIO1","2BIO1"
637,674,2,"2BIO1","2BIO1"
428,970,1,"2BIO1","2BIO1"
486,927,1,"2BIO1","2BIO1"
372,471,3,"2BIO2","2BIO1"
255,257,7,"2BIO3","2BIO2"
637,809,1,"2BIO1","2BIO1"
428,984,2,"2BIO1","2BIO1"
117,447,1,"2BIO3","2BIO3"
117,147,1,"2BIO3","2BIO2"
637,927,1,"2BIO1","2BIO1"
464,886,2,"2BIO2","2BIO1"
255,312,1,"2BIO3","2BIO2"
447,871,2,"2BIO3","2BIO3"
27,63,1,"2BIO2","2BIO3"
NA,NA,NA,NA,NA
545,674,1,"2BIO3","2BIO1"
477,674,1,"2BIO2","2BIO1"
39,111,1,"2BIO3","2BIO1"
27,674,1,"2BIO2","2BIO1"
111,428,3,"2BIO1","2BIO1"
170,447,2,"2BIO3","2BIO3"
111,475,1,"2BIO1","2BIO1"
425,674,1,"2BIO3","2BIO1"
272,674,1,"2BIO3","2BIO1"
252,477,1,"2BIO3","2BIO2"
275,477,1,"2BIO3","2BIO2"
527,674,3,"2BIO1","2BIO1"
674,857,3,"2BIO1","2BIO1"
295,979,11,"2BIO2","2BIO1"
353,984,3,"2BIO2","2BIO1"
353,637,1,"2BIO2","2BIO1"
475,674,1,"2BIO1","2BIO1"
471,857,2,"2BIO1","2BIO1"
400,407,4,"2BIO1","2BIO2"
407,531,4,"2BIO2","2BIO1"
531,945,1,"2BIO1","2BIO1"
173,257,1,"2BIO2","2BIO2"
353,441,1,"2BIO2","2BIO2"
429,653,2,"2BIO2","2BIO3"
545,626,1,"2BIO3","2BIO3"
544,653,1,"2BIO2","2BIO3"
489,674,3,"2BIO1","2BIO1"
674,859,1,"2BIO1","2BIO1"
275,626,4,"2BIO3","2BIO3"
65,854,9,"2BIO1","2BIO1"
428,954,3,"2BIO1","2BIO1"
72,428,2,"2BIO1","2BIO1"
465,984,2,"2BIO1","2BIO1"
27,612,1,"2BIO2","2BIO2"
27,886,1,"2BIO2","2BIO1"
544,886,1,"2BIO2","2BIO1"
312,674,1,"2BIO2","2BIO1"
27,184,1,"2BIO2","2BIO3"
312,339,1,"2BIO2","2BIO2"
339,544,1,"2BIO2","2BIO3"
184,312,2,"2BIO2","2BIO2"
3,213,1,"2BIO2","2BIO3"
177,854,6,"2BIO1","2BIO1"
854,984,2,"2BIO1","2BIO1"
3,312,2,"2BIO2","2BIO2"
106,255,2,"2BIO3","2BIO3"
295,312,2,"2BIO2","2BIO2"
119,196,3,"2BIO3","2BIO3"
179,346,1,"2BIO3","2BIO3"
63,649,1,"2BIO3","2BIO3"
106,447,1,"2BIO3","2BIO3"
196,883,1,"2BIO3","2BIO3"
124,475,12,"2BIO1","2BIO1"
3,979,1,"2BIO2","2BIO1"
177,465,1,"2BIO1","2BIO1"
428,650,2,"2BIO1","2BIO1"
124,854,2,"2BIO1","2BIO1"
65,465,1,"2BIO1","2BIO1"
465,527,2,"2BIO1","2BIO1"
202,626,2,"2BIO3","2BIO3"
295,886,1,"2BIO2","2BIO1"
312,441,2,"2BIO2","2BIO2"
884,886,1,"2BIO2","2BIO1"
268,886,2,"2BIO2","2BIO1"
268,464,4,"2BIO2","2BIO2"
257,327,1,"2BIO2","2BIO2"
486,984,1,"2BIO1","2BIO1"
46,720,2,"2BIO2","2BIO2"
425,653,1,"2BIO3","2BIO3"
339,477,2,"2BIO2","2BIO2"
3,544,2,"2BIO2","2BIO3"
443,504,1,"2BIO1","2BIO2"
117,498,1,"2BIO3","2BIO1"
39,122,2,"2BIO3","2BIO3"
226,945,1,"2BIO2","2BIO1"
39,63,1,"2BIO3","2BIO3"
NA,NA,NA,NA,NA
179,265,1,"2BIO3","2BIO3"
265,653,1,"2BIO3","2BIO3"
61,984,1,"2BIO2","2BIO1"
205,255,1,"2BIO3","2BIO3"
106,531,1,"2BIO3","2BIO1"
106,527,1,"2BIO3","2BIO1"
275,531,1,"2BIO3","2BIO1"
119,954,1,"2BIO3","2BIO1"
447,954,3,"2BIO3","2BIO1"
27,275,1,"2BIO2","2BIO3"
255,475,1,"2BIO3","2BIO1"
NA,NA,NA,NA,NA
106,649,1,"2BIO3","2BIO3"
160,447,1,"2BIO2","2BIO3"
205,649,3,"2BIO3","2BIO3"
122,984,1,"2BIO3","2BIO1"
119,945,1,"2BIO3","2BIO1"
70,205,1,"2BIO3","2BIO3"
124,205,1,"2BIO1","2BIO3"
252,945,1,"2BIO3","2BIO1"
27,353,1,"2BIO2","2BIO2"
171,477,2,"2BIO2","2BIO2"
NA,NA,NA,NA,NA
486,527,3,"2BIO1","2BIO1"
202,425,1,"2BIO3","2BIO3"
55,425,1,"2BIO3","2BIO3"
55,101,2,"2BIO3","2BIO3"
55,240,2,"2BIO3","2BIO3"
886,979,1,"2BIO2","2BIO1"
429,871,1,"2BIO2","2BIO3"
3,171,1,"2BIO2","2BIO2"
122,979,1,"2BIO3","2BIO1"
NA,NA,NA,NA,NA
295,854,1,"2BIO2","2BIO1"
346,486,1,"2BIO3","2BIO1"
295,653,1,"2BIO2","2BIO3"
327,471,1,"2BIO2","2BIO1"
65,353,3,"2BIO1","2BIO2"
346,353,1,"2BIO3","2BIO2"
240,252,1,"2BIO3","2BIO3"
199,883,1,"2BIO3","2BIO3"
65,295,1,"2BIO1","2BIO2"
NA,NA,NA,NA,NA
240,725,1,"2BIO3","2BIO1"
447,725,1,"2BIO3","2BIO1"
NA,NA,NA,NA,NA
429,498,1,"2BIO2","2BIO1"
653,883,1,"2BIO3","2BIO3"
441,498,1,"2BIO2","2BIO1"
429,650,1,"2BIO2","2BIO1"
177,226,1,"2BIO1","2BIO2"
498,720,1,"2BIO1","2BIO2"
3,65,1,"2BIO2","2BIO1"
3,132,1,"2BIO2","2BIO3"
268,650,1,"2BIO2","2BIO1"
160,674,1,"2BIO2","2BIO1"
202,674,24,"2BIO3","2BIO1"
674,778,17,"2BIO1","2BIO3"
147,171,1,"2BIO2","2BIO2"
471,544,1,"2BIO1","2BIO3"
27,429,1,"2BIO2","2BIO2"
407,489,1,"2BIO2","2BIO1"
465,650,1,"2BIO1","2BIO1"
650,854,1,"2BIO1","2BIO1"
65,475,1,"2BIO1","2BIO1"
72,475,1,"2BIO1","2BIO1"
531,650,1,"2BIO1","2BIO1"
650,677,1,"2BIO1","2BIO1"
677,970,1,"2BIO1","2BIO1"
486,970,1,"2BIO1","2BIO1"
72,486,1,"2BIO1","2BIO1"
NA,NA,NA,NA,NA
63,674,13,"2BIO3","2BIO1"
55,674,7,"2BIO3","2BIO1"
28,339,1,"2BIO1","2BIO2"
295,339,1,"2BIO2","2BIO2"
226,720,1,"2BIO2","2BIO2"
28,46,1,"2BIO1","2BIO2"
61,407,1,"2BIO2","2BIO2"
312,504,1,"2BIO2","2BIO2"
46,886,1,"2BIO2","2BIO1"
3,612,1,"2BIO2","2BIO2"
226,612,4,"2BIO2","2BIO2"
226,312,2,"2BIO2","2BIO2"
226,429,1,"2BIO2","2BIO2"
NA,NA,NA,NA,NA
498,531,1,"2BIO1","2BIO1"
171,173,1,"2BIO2","2BIO2"
465,970,1,"2BIO1","2BIO1"
255,272,1,"2BIO3","2BIO3"
179,255,1,"2BIO3","2BIO3"
70,364,1,"2BIO3","2BIO3"
119,170,1,"2BIO3","2BIO3"
119,364,1,"2BIO3","2BIO3"
374,649,1,"2BIO3","2BIO3"
240,779,1,"2BIO3","2BIO3"
531,883,2,"2BIO1","2BIO3"
122,265,1,"2BIO3","2BIO3"
275,674,1,"2BIO3","2BIO1"
374,489,1,"2BIO3","2BIO1"
674,945,1,"2BIO1","2BIO1"
72,778,1,"2BIO1","2BIO3"
122,428,1,"2BIO3","2BIO1"
268,674,1,"2BIO2","2BIO1"
46,674,1,"2BIO2","2BIO1"
171,428,1,"2BIO2","2BIO1"
372,428,1,"2BIO2","2BIO1"
72,111,1,"2BIO1","2BIO1"
372,475,1,"2BIO2","2BIO1"
NA,NA,NA,NA,NA
196,531,1,"2BIO3","2BIO1"
NA,NA,NA,NA,NA
46,117,2,"2BIO2","2BIO3"
117,275,1,"2BIO3","2BIO3"
28,489,1,"2BIO1","2BIO1"
122,954,1,"2BIO3","2BIO1"
122,184,1,"2BIO3","2BIO3"
122,489,1,"2BIO3","2BIO1"
184,364,1,"2BIO2","2BIO3"
28,272,1,"2BIO1","2BIO3"
122,650,1,"2BIO3","2BIO1"
531,627,1,"2BIO1","2BIO1"
132,196,3,"2BIO3","2BIO3"
199,527,1,"2BIO3","2BIO1"
124,489,1,"2BIO1","2BIO1"
46,364,1,"2BIO2","2BIO3"
471,778,1,"2BIO1","2BIO3"
465,677,1,"2BIO1","2BIO1"
124,464,1,"2BIO1","2BIO2"
160,778,1,"2BIO2","2BIO3"
272,970,1,"2BIO3","2BIO1"
272,471,1,"2BIO3","2BIO1"
28,970,1,"2BIO1","2BIO1"
28,471,1,"2BIO1","2BIO1"
184,970,1,"2BIO2","2BIO1"
61,778,1,"2BIO2","2BIO3"
